{"CancellationTokenMS":120000,"Schedules":[{"SyncScheduleId":67,"Hora":"03:05:00","Rutina":"ArticuloRoutine"},{"SyncScheduleId":68,"Hora":"04:07:00","Rutina":"ArticuloGrupoRoutine"},{"SyncScheduleId":69,"Hora":"04:09:00","Rutina":"CondicionDeVentaRoutine"},{"SyncScheduleId":70,"Hora":"04:11:00","Rutina":"ListaPreciosRoutine"},{"SyncScheduleId":71,"Hora":"04:13:00","Rutina":"MarcaRoutine"},{"SyncScheduleId":72,"Hora":"04:15:00","Rutina":"RubroRoutine"},{"SyncScheduleId":73,"Hora":"04:17:00","Rutina":"SubRubroRoutine"},{"SyncScheduleId":74,"Hora":"04:19:00","Rutina":"ClienteDireccionRoutine"},{"SyncScheduleId":75,"Hora":"04:21:00","Rutina":"ClienteRoutine"},{"SyncScheduleId":76,"Hora":"06:02:00","Rutina":"PedidoRoutine"},{"SyncScheduleId":77,"Hora":"06:22:00","Rutina":"PedidoRoutine"},{"SyncScheduleId":78,"Hora":"06:42:00","Rutina":"PedidoRoutine"},{"SyncScheduleId":79,"Hora":"07:02:00","Rutina":"PedidoRoutine"},{"SyncScheduleId":80,"Hora":"07:22:00","Rutina":"PedidoRoutine"},{"SyncScheduleId":81,"Hora":"07:42:00","Rutina":"PedidoRoutine"},{"SyncScheduleId":82,"Hora":"08:02:00","Rutina":"PedidoRoutine"},{"SyncScheduleId":83,"Hora":"08:22:00","Rutina":"PedidoRoutine"},{"SyncScheduleId":84,"Hora":"08:42:00","Rutina":"PedidoRoutine"},{"SyncScheduleId":85,"Hora":"09:02:00","Rutina":"PedidoRoutine"},{"SyncScheduleId":86,"Hora":"09:22:00","Rutina":"PedidoRoutine"},{"SyncScheduleId":87,"Hora":"09:42:00","Rutina":"PedidoRoutine"},{"SyncScheduleId":88,"Hora":"10:02:00","Rutina":"PedidoRoutine"},{"SyncScheduleId":89,"Hora":"10:22:00","Rutina":"PedidoRoutine"},{"SyncScheduleId":90,"Hora":"10:42:00","Rutina":"PedidoRoutine"},{"SyncScheduleId":91,"Hora":"11:02:00","Rutina":"PedidoRoutine"},{"SyncScheduleId":92,"Hora":"11:22:00","Rutina":"PedidoRoutine"},{"SyncScheduleId":93,"Hora":"11:42:00","Rutina":"PedidoRoutine"},{"SyncScheduleId":94,"Hora":"12:02:00","Rutina":"PedidoRoutine"},{"SyncScheduleId":95,"Hora":"12:22:00","Rutina":"PedidoRoutine"},{"SyncScheduleId":96,"Hora":"12:42:00","Rutina":"PedidoRoutine"},{"SyncScheduleId":97,"Hora":"13:02:00","Rutina":"PedidoRoutine"},{"SyncScheduleId":98,"Hora":"13:22:00","Rutina":"PedidoRoutine"},{"SyncScheduleId":99,"Hora":"13:42:00","Rutina":"PedidoRoutine"},{"SyncScheduleId":100,"Hora":"14:02:00","Rutina":"PedidoRoutine"},{"SyncScheduleId":101,"Hora":"14:22:00","Rutina":"PedidoRoutine"},{"SyncScheduleId":102,"Hora":"14:42:00","Rutina":"PedidoRoutine"},{"SyncScheduleId":103,"Hora":"15:02:00","Rutina":"PedidoRoutine"},{"SyncScheduleId":104,"Hora":"15:22:00","Rutina":"PedidoRoutine"},{"SyncScheduleId":105,"Hora":"15:42:00","Rutina":"PedidoRoutine"},{"SyncScheduleId":106,"Hora":"16:02:00","Rutina":"PedidoRoutine"},{"SyncScheduleId":107,"Hora":"16:22:00","Rutina":"PedidoRoutine"},{"SyncScheduleId":108,"Hora":"16:42:00","Rutina":"PedidoRoutine"},{"SyncScheduleId":109,"Hora":"17:02:00","Rutina":"PedidoRoutine"},{"SyncScheduleId":110,"Hora":"17:22:00","Rutina":"PedidoRoutine"},{"SyncScheduleId":111,"Hora":"17:42:00","Rutina":"PedidoRoutine"},{"SyncScheduleId":112,"Hora":"18:02:00","Rutina":"PedidoRoutine"},{"SyncScheduleId":113,"Hora":"18:22:00","Rutina":"PedidoRoutine"},{"SyncScheduleId":114,"Hora":"18:42:00","Rutina":"PedidoRoutine"},{"SyncScheduleId":115,"Hora":"19:02:00","Rutina":"PedidoRoutine"},{"SyncScheduleId":116,"Hora":"19:22:00","Rutina":"PedidoRoutine"},{"SyncScheduleId":117,"Hora":"19:42:00","Rutina":"PedidoRoutine"},{"SyncScheduleId":118,"Hora":"20:02:00","Rutina":"PedidoRoutine"},{"SyncScheduleId":119,"Hora":"20:22:00","Rutina":"PedidoRoutine"},{"SyncScheduleId":120,"Hora":"20:42:00","Rutina":"PedidoRoutine"},{"SyncScheduleId":121,"Hora":"21:02:00","Rutina":"PedidoRoutine"},{"SyncScheduleId":122,"Hora":"21:22:00","Rutina":"PedidoRoutine"},{"SyncScheduleId":123,"Hora":"21:42:00","Rutina":"PedidoRoutine"},{"SyncScheduleId":124,"Hora":"22:02:00","Rutina":"PedidoRoutine"},{"SyncScheduleId":125,"Hora":"22:22:00","Rutina":"PedidoRoutine"},{"SyncScheduleId":126,"Hora":"22:42:00","Rutina":"PedidoRoutine"},{"SyncScheduleId":127,"Hora":"23:02:00","Rutina":"PedidoRoutine"},{"SyncScheduleId":128,"Hora":"23:22:00","Rutina":"PedidoRoutine"},{"SyncScheduleId":129,"Hora":"23:42:00","Rutina":"PedidoRoutine"},{"SyncScheduleId":130,"Hora":"00:02:00","Rutina":"PedidoRoutine"},{"SyncScheduleId":131,"Hora":"00:22:00","Rutina":"PedidoRoutine"},{"SyncScheduleId":132,"Hora":"00:42:00","Rutina":"PedidoRoutine"}]}